product_id,tot_consum_loss,mark_size,normalized_tcl,region,product,market_type,tcl_upper,flagged,excess_amount,excess_pct
2594089,191676,2,0.25584567784235157,se,freezers,na_markets,5.12688339406899,FALSE,-4.871037716226638,-95.00972309730457
3480489,28861,2,0.03852314378538841,se,freezers,na_markets,5.12688339406899,FALSE,-5.088360250283602,-99.2486050330313
3480490,1209,2,0.0016137514582493533,se,freezers,na_markets,5.12688339406899,FALSE,-5.125269642610741,-99.96852373392935
4653679,11913,2,0.015901258165528988,se,freezers,na_markets,5.12688339406899,FALSE,-5.110982135903461,-99.68984552713009
4657534,14321,2,0.019115413261860205,se,freezers,na_markets,5.12688339406899,FALSE,-5.10776798080713,-99.62715334458407
4735550,38456,2,0.05133037723609357,se,freezers,na_markets,5.12688339406899,FALSE,-5.075553016832897,-98.99879959634981
5334815,2900444,7,3.871460491787086,se,freezers,na_markets,3.78000535006604,TRUE,0.09145514172104585,2.419444769289759
5334814,2806608,10,3.7462098864634417,se,freezers,na_markets,4.01915927291901,FALSE,-0.27294938645556854,-6.791206018997414
