product_id,tot_consum_loss,mark_size
5295894,215.83999999999992,2
4521605,31269.480000000003,3
