product_id,tot_consum_loss,mark_size
1347051,2556.8000000000034,2
1828842,23200.800000000003,2
2343829,5428,2
3314080,946.359999999998,2
3553914,49324,2
4516508,1318.800000000001,2
5325830,12859.349999999997,2
5343259,5489.119999999999,2
5688724,3384,2
4653679,0,3
5432579,4640.090000000001,3
5688725,20142.709999999995,3
3834998,13756.750000000004,4
5325551,31969.680000000004,6
5279074,11847.9,8
