product_id,tot_consum_loss,mark_size,normalized_tcl,region,product,market_type,tcl_upper,flagged,excess_amount,excess_pct
1347051,2556.8000000000034,2,0.205239779270911,gb,freezers,na_markets,7.63610781277895,FALSE,-7.430868033508039,-97.31224618217878
1828842,23200.800000000003,2,1.8623776090850073,gb,freezers,na_markets,7.63610781277895,FALSE,-5.773730203693942,-75.61090473384442
2343829,5428,2,0.4357171158802032,gb,freezers,na_markets,7.63610781277895,FALSE,-7.200390696898746,-94.29398946998843
3314080,946.359999999998,2,0.07596633194259178,gb,freezers,na_markets,7.63610781277895,FALSE,-7.560141480836358,-99.00516946846321
3553914,49324,2,3.9593424877809764,gb,freezers,na_markets,7.63610781277895,FALSE,-3.6767653249979735,-48.1497304011992
4516508,1318.800000000001,2,0.10586288364458593,gb,freezers,na_markets,7.63610781277895,FALSE,-7.530244929134364,-98.6136538896501
5325830,12859.349999999997,2,1.0322474012700975,gb,freezers,na_markets,7.63610781277895,FALSE,-6.603860411508853,-86.48202164533821
5343259,5489.119999999999,2,0.440623348400947,gb,freezers,na_markets,7.63610781277895,FALSE,-7.195484464378003,-94.22973903454364
5688724,3384,2,0.27164088432914657,gb,freezers,na_markets,7.63610781277895,FALSE,-7.364466928449803,-96.44267877053075
4653679,0,3,0,gb,freezers,na_markets,7.31813347649943,FALSE,-7.31813347649943,-100
5432579,4640.090000000001,3,0.37246990276797576,gb,freezers,na_markets,7.31813347649943,FALSE,-6.945663573731454,-94.91031553381637
5688725,20142.709999999995,3,1.6168982142983281,gb,freezers,na_markets,7.31813347649943,FALSE,-5.701235262201101,-77.90559273767498
3834998,13756.750000000004,4,1.1042836097798427,gb,freezers,na_markets,6.70213100828739,FALSE,-5.597847398507547,-83.52339564215676
5325551,31969.680000000004,6,2.566274275094513,gb,freezers,na_markets,5.812535732279,FALSE,-3.2462614571844868,-55.849316145393935
5279074,11847.9,8,0.9510561564548745,gb,freezers,na_markets,6.55052920311803,FALSE,-5.599473046663156,-85.4812317148029
